mcap_rank,code,name,market,market_cap,close,volume,value_krw
1,005930,삼성전자보통주,,1710268266552734,281500,27746471,7810631586500
2,000660,에스케이하이닉스보통주,,1232511524169922,1730000,4274294,7394528620000
3,402340,SK스퀘어보통주,,147833998352051,1123000,602332,676418836000
4,009150,삼성전기보통주,,102871505895495,1316000,702691,924741356000
5,005380,현대자동차보통주,,95780117595649,415000,373056,154818240000
6,373220,LG에너지솔루션보통주,,83772000000000,343500,248966,85519821000
7,207940,삼성바이오로직스보통주,,72861956520081,1551000,44704,69335904000
8,012450,한화에어로스페이스보통주,,60040735233307,1085000,193892,210372820000
9,028260,삼성물산보통주,,58070607491493,395500,585501,231565645500
10,105560,KB금융지주 보통주,,53980415039062,164300,1165965,191568049500
11,032830,삼성생명보험보통주,,53333710647583,328500,1038229,341058226500
12,000270,기아보통주,,50153127575684,130900,667262,87344595800
13,329180,에이치디현대중공업보통주,,49909063636780,453000,252822,114528366000
14,034020,두산에너빌리티보통주,,48611309436035,73300,2467372,180858367600
15,055550,신한금융지주회사보통주,,46294318789673,104100,1345887,140106836700
16,012330,현대모비스보통주,,44543248718262,496000,219886,109063456000
17,068270,셀트리온보통주,,42972648898315,192300,354956,68258038800
18,006400,삼성SDI보통주,,38892177948594,478000,286477,136936006000
19,066570,LG전자보통주,,34180994364929,194500,858709,167018900500
20,035420,NAVER보통주,,32839344894409,222000,987136,219144192000
21,086790,하나금융지주보통주,,32260694580078,128800,758877,97743357600
22,034730,SK보통주,,30968497802734,586000,189218,110881748000
23,010120,LS ELECTRIC보통주,,29619537854004,187000,916678,171418786000
24,042660,한화오션보통주,,27116150985718,84200,895191,75375082200
25,267260,에이치디현대일렉트릭보통주,,26850556053162,718000,137350,98617300000
26,298040,효성중공업보통주,,26603643680573,2721000,33226,90407946000
27,009540,에이치디한국조선해양보통주,,25492624160767,348500,152716,53221526000
28,010130,고려아연보통주,,25246821643829,1237000,44908,55551196000
29,000810,삼성화재해상보험보통주,,24089005652308,661000,116996,77334356000
30,005490,포스코홀딩스보통주,,23768286605835,310000,235539,73017090000
31,196170,알테오젠,,23642285068512,320000,491494,157278080000
32,316140,우리금융지주보통주,,22969528436279,31750,1841277,58460544750
33,042700,한미반도체보통주,,21389350784302,213500,515436,110045586000
34,096770,SK이노베이션 보통주,,20972534758377,124800,424592,52989081600
35,015760,한국전력공사보통주,,20414456799316,31750,833434,26461529500
36,017670,SK텔레콤보통주,,20390189620972,102200,2006782,205093120400
37,011200,에이치엠엠보통주,,19996645092773,21600,1413376,30528921600
38,051910,LG화학보통주,,19566761486197,252500,141218,35657545000
39,138040,메리츠금융지주회사보통주,,18597345117188,115400,168518,19446977200
40,018260,삼성에스디에스보통주,,18022594085693,228000,200600,45736800000
41,033780,케이티앤지보통주,,17845017269897,172300,143949,24802412700
42,000150,두산보통주,,17768871983528,1078000,89390,96362420000
43,010140,삼성중공업보통주,,17763940136719,20200,1990817,40214503400
44,006800,미래에셋증권보통주,,17243710049495,34500,1159636,40007442000
45,079550,LIG넥스원보통주,,17152160696029,695000,279762,194434590000
46,035720,카카오보통주,,17048562918091,35800,10109356,361914944800
47,010950,S-OIL보통주,,16312592466187,141100,210251,29666416100
48,003550,LG보통주,,16148606590700,107700,325170,35020809000
49,024110,중소기업은행보통주,,15908646771240,20000,721725,14434500000
50,267250,에이치디현대보통주,,15653056472778,213000,132702,28265526000
51,086280,현대글로비스보통주,,14985000000000,196700,101643,19993178100
52,064350,현대로템보통주,,14974322988892,130100,530846,69063064600
53,003670,포스코퓨처엠보통주,,14524912807465,154900,230420,35692058000
54,278470,에이피알보통주,,14451128265381,385000,202610,78004850000
55,272210,한화시스템보통주,,14080593296814,70300,298039,20952141700
56,011070,LG이노텍보통주,,13891065557480,550000,223664,123015200000
57,047810,한국항공우주산업보통주,,13129896681976,130000,252741,32856330000
58,000720,현대건설보통주,,12727657586169,105600,640873,67676188800
59,307950,현대오토에버보통주,,12600921239853,448000,71026,31819648000
60,030200,케이티보통주,,12561052743530,52400,206894,10841245600
61,086520,에코프로,,11839148634338,81700,685196,55980513200
62,247540,에코프로비엠,,11154252587128,105600,317914,33571718400
63,071050,한국투자금융지주보통주,,10709910340309,184500,169238,31224411000
64,078930,GS보통주,,10662641926539,116200,575218,66840331600
65,003230,삼양식품보통주,,10419004781723,1366000,51487,70331242000
66,005940,엔에이치투자증권보통주,,10197527797127,26100,351589,9176472900
67,323410,카카오뱅크보통주,,10103667810059,21300,577709,12305201700
68,005830,DB손해보험보통주,,9711553025055,177800,308932,54928109600
69,259960,크래프톤보통주,,9649537878036,222000,88499,19646778000
70,028050,삼성E&A보통주,,9417800000000,45150,1553910,70159036500
71,003490,대한항공보통주,,9248030507171,25800,3922193,101192579400
72,277810,레인보우로보틱스,,9147032371521,454000,104101,47261854000
73,443060,에이치디현대마린솔루션보통주,,9064582206726,197700,87347,17268501900
74,047050,포스코인터내셔널보통주,,8914246749878,50600,405657,20526244200
75,006260,LS보통주,,8694891597748,293500,270696,79449276000
76,090430,아모레퍼시픽 보통주,,8450423229837,138000,207098,28579524000
77,016360,삼성증권보통주,,8251320281982,92000,928948,85463216000
78,161390,한국타이어앤테크놀로지보통주,,8112252159119,66000,162112,10699392000
79,036930,주성엔지니어링,,7961961991882,168600,800850,135023310000
80,007660,이수페타시스보통주,,7707967872620,99300,525807,52212635100
81,180640,한진칼보통주,,7609062413466,117900,60924,7182939600
82,009830,한화솔루션보통주,,7514286527805,32050,2701323,86577402150
83,352820,하이브보통주,,7454786441803,167900,175376,29445630400
84,064400,엘지씨엔에스보통주,,7150182975769,71600,541757,38789801200
85,039490,키움증권보통주,,6981718637466,268000,78031,20912308000
86,047040,대우건설보통주,,6787112653198,15930,2630537,41904454410
87,326030,에스케이바이오팜보통주,,6774095924377,83700,120200,10060740000
88,021240,코웨이보통주,,6548537001038,95900,123816,11873954400
89,000100,유한양행보통주,,6207790172672,82300,266255,21912786500
90,032640,LG유플러스보통주,,6142937280273,14870,835760,12427751200
91,377300,카카오페이보통주,,6080507407379,42500,675943,28727577500
92,267270,에이치디현대건설기계보통주,,5841679352570,115500,267520,30898560000
93,353200,대덕전자보통주,,5653543361950,104300,668559,69730703700
94,241560,두산밥캣보통주,,5627971801758,57900,103883,6014825700
95,240810,원익아이피에스,,5541883004379,107900,579449,62522547100
96,062040,산일전기보통주,,5480311962891,164800,405679,66855899200
97,010060,오씨아이홀딩스보통주,,5372408638000,265000,276693,73323645000
98,028300,에이치엘비,,5304393768311,38650,573253,22156228450
99,058470,리노공업,,5274744155884,65700,341168,22414737600
100,001440,대한전선보통주,,5266285029602,26650,1054132,28092617800
101,128940,한미약품보통주,,5059405357361,415500,124032,51535296000
102,039030,이오테크닉스,,5022393817902,404500,99511,40252199500
103,271560,오리온보통주,,4924372200012,125400,142647,17887933800
104,029780,삼성카드 보통주,,4914027429199,46150,55556,2563909400
105,000500,가온전선보통주,,4910327388382,158200,87609,13859743800
106,175330,JB금융지주보통주,,4858332348633,26600,187709,4993059400
107,034220,LG디스플레이보통주,,4825000000000,9500,1845845,17535527500
108,454910,두산로보틱스보통주,,4686484323120,70900,336911,23886989900
109,298380,에이비엘바이오,,4618965854645,75200,286381,21535851200
110,051900,LG생활건강보통주,,4493768017483,313000,73598,23036174000
111,138930,BNK금융지주보통주,,4381071728516,14310,1216329,17405667990
112,087010,펩트론,,4320946039200,178600,102502,18306857200
113,222800,심텍,,4303655976105,99700,912849,91011045300
114,214450,파마리서치,,4296119628906,400500,83923,33611161500
115,036570,엔씨소프트보통주,,4276240957259,224500,55658,12495221000
116,000250,삼천당제약,,4251466062927,168700,136527,23032104900
117,066970,엘앤에프보통주,,4206173675537,104500,362031,37832239500
118,088350,한화생명보험보통주,,4140160325928,5470,3063444,16757038680
119,011790,SKC보통주,,4059695284653,83400,114015,9508851000
120,141080,리가켐 바이오사이언스,,3990901518631,100000,263630,26363000000
121,001040,CJ보통주,,3985221251941,121300,212635,25792625500
122,082740,한화엔진보통주,,3887629673767,44100,576414,25419857400
123,403870,에이치피에스피,,3813617431641,44900,2509334,112669096600
124,000990,DB하이텍보통주,,3812334337234,89700,613862,55063421400
125,108490,로보티즈,,3807400310040,254000,175631,44610274000
126,319660,피에스케이,,3768569603157,122200,286758,35041827600
127,004020,현대제철 보통주,,3689857743073,27000,423606,11437362000
128,001450,현대해상화재보험보통주,,3627735274887,49750,500156,24882761000
129,018880,한온시스템보통주,,3606850399780,3400,2749496,9348286400
130,052690,한국전력기술 보통주,,3583697964478,91500,75632,6920328000
131,004170,신세계보통주,,3465626705170,400500,61468,24617934000
132,095340,아이에스시,,3452309095383,154300,183462,28308186600
133,002380,주식회사케이씨씨,,3350252796888,484000,42478,20559352000
134,103590,일진전기 보통주,,3337408828735,65600,281135,18442456000
135,440110,파두,,3302316663742,61900,470084,29098199600
136,161890,한국콜마보통주,,3252779450226,136700,365642,49983261400
137,310210,보로노이,,3181433758736,152100,158950,24176295000
138,009420,한올바이오파마보통주,,3178819087982,56500,367780,20779570000
139,111770,영원무역보통주,,3162216321564,74700,57676,4308397200
140,036460,한국가스공사보통주,,3119809635162,35650,60129,2143598850
141,022100,포스코DX보통주,,3104770636749,19510,163411,3188148610
142,028670,팬오션보통주,,3084466124878,5850,2780174,16264017900
143,006360,GS건설보통주,,3022044866943,33250,2518813,83750532250
144,257720,실리콘투,,3013228603363,47650,1490292,71012413800
145,031210,서울보증보험보통주,,2998837800217,42350,28182,1193507700
146,008930,한미사이언스보통주,,2996331195831,44950,175368,7882791600
147,084370,유진테크,,2995481296921,128500,115102,14790607000
148,251270,넷마블보통주,,2967731094360,37050,130214,4824428700
149,302440,에스케이바이오사이언스보통주,,2961735073090,36500,73765,2692422500
150,192820,코스맥스보통주,,2955544981480,271000,198135,53694585000
151,097950,씨제이제일제당 주식회사 보통주,,2874978017616,184000,55426,10198384000
152,035250,강원랜드보통주,,2869809415283,14310,204483,2926151730
153,375500,DL이앤씨보통주,,2856847019577,68200,224404,15304352800
154,483650,달바글로벌보통주,,2811130785942,216500,99024,21438696000
155,489790,한화비전보통주,,2755651678848,51200,130141,6663219200
156,011780,금호석유화학보통주,,2748723765850,117200,106579,12491058800
157,336260,두산퓨얼셀보통주,,2748318922577,37000,1323000,48951000000
158,023530,롯데쇼핑 보통주,,2747906336975,96700,93355,9027428500
159,145020,휴젤,,2741049797058,245000,27715,6790175000
160,004800,효성보통주,,2688190672302,155900,22683,3536279700
161,139130,아이엠금융지주보통주,,2668794036865,17180,385888,6629555840
162,347850,디앤디파마텍,,2649413761902,53300,2654919,141507182700
163,214370,케어젠,,2639022377014,51900,89602,4650343800
164,319400,현대무벡스,,2632607299805,22850,801279,18309225150
165,085620,미래에셋생명보험보통주,,2626108094788,24450,527217,12890455650
166,017800,현대엘리베이터보통주,,2621227674866,72200,149691,10807690200
167,450080,에코프로머티보통주,,2620113029480,34250,291560,9985930000
168,131290,티에스이,,2610095743179,222000,180138,39990636000
169,003690,코리안리재보험보통주,,2583661587524,14540,268517,3904237180
170,080220,제주반도체,,2576757568359,73500,928177,68221009500
171,004370,농심보통주,,2550136240482,432500,23944,10355780000
172,357780,솔브레인,,2546503001451,326000,23859,7778034000
173,204320,HL만도보통주,,2542142800140,51500,409100,21068650000
174,012750,에스원보통주,,2539148865128,76800,42811,3287884800
175,026960,동서보통주,,2516149349213,25700,44503,1143727100
176,064760,티씨케이,,2494875306129,225500,58313,13149581500
177,031980,피에스케이홀딩스,,2488300614166,107500,140031,15053332500
178,178320,서진시스템,,2469648625183,36250,828881,30046936250
179,282330,BGF리테일보통주,,2466872124481,141400,51195,7238973000
180,067310,하나마이크론,,2453513014984,35000,1408725,49305375000
181,095610,테스,,2436312517548,132900,262340,34864986000
182,007340,디엔오토모티브보통주,,2408607884789,44200,439661,19433016200
183,005850,에스엘보통주,,2378947856140,52400,84634,4434821600
184,011170,롯데케미칼보통주,,2331843317032,54300,100825,5474797500
185,383220,F&F보통주,,2326373779678,62200,40215,2501373000
186,237690,에스티팜,,2315219199944,99700,419835,41857549500
187,226950,올릭스,,2304275685501,98100,404981,39728636100
188,058610,에스피지,,2293138882065,95500,456709,43615709500
189,279570,"K Bank Co., Ltd.",,2263778992310,5620,501495,2818401900
190,181710,NHN보통주,,2246492521095,75200,439938,33083337600
191,000240,한국앤컴퍼니보통주,,2235348095703,23250,90963,2114889750
192,007070,지에스리테일보통주,,2231201454163,25800,217734,5617537200
193,005290,동진쎄미켐,,2201909326172,41100,410707,16880057700
194,214150,클래시스,,2200840759277,32150,258745,8318651750
195,081660,미스토홀딩스보통주,,2190038352012,41750,78045,3258378750
196,103140,풍산 보통주,,2157827934264,77800,84521,6575733800
197,073240,금호타이어보통주,,2131471310424,7250,3210719,23277712750
198,032820,우리기술,,2106225200042,11890,1513143,17991270270
199,014680,한솔케미칼보통주,,2096328273773,201000,34045,6843045000
200,018670,SK가스보통주,,2067346591473,233500,13388,3126098000
201,112610,씨에스윈드보통주,,2041094563293,46550,401876,18707327800
202,051600,한전KPS 보통주,,2022750000000,43800,80845,3541011000
203,002790,아모레퍼시픽홀딩스보통주,,2018043939729,26000,68404,1778504000
204,005440,현대지에프홀딩스보통주,,2006795751953,11400,142329,1622550600
205,010170,대한광통신,,1966893557739,12120,2640397,32001611640
206,069960,현대백화점보통주,,1964286847115,93400,98224,9174121600
207,098460,고영테크놀러지,,1959732940674,28300,717175,20296052500
208,140410,메지온,,1952662370682,62800,70926,4454152800
209,139480,이마트보통주,,1942155590057,71900,121403,8728875700
210,263750,펄어비스,,1923495646286,32200,418495,13475539000
211,439260,대한조선보통주,,1919671984863,49050,43460,2131713000
212,475150,에스케이이터닉스보통주,,1906473968506,51300,2713262,139190340600
213,030000,제일기획보통주,,1904040023804,18900,344386,6508895400
214,462870,시프트업보통주,,1898202157402,31800,34536,1098244800
215,457190,이수스페셜티케미컬보통주,,1879328498268,60100,82071,4932467100
216,068760,셀트리온제약,,1865234462547,41550,56219,2335899450
217,140860,파크시스템스,,1861035451889,259500,28564,7412358000
218,083650,비에이치아이,,1853433877945,56500,316788,17898522000
219,009970,영원무역홀딩스보통주,,1828131681347,166600,7157,1192356200
220,071970,에이치디현대마린엔진보통주,,1814798883438,49700,262139,13028308300
221,089030,테크윙,,1811008101273,48400,355311,17197052400
222,041510,에스엠엔터테인먼트,,1710233310127,71300,79664,5680043200
223,120110,코오롱인더스트리보통주,,1702259839654,49650,192192,9542332800
224,395400,SK리츠보통주,,1700749661255,5680,155824,885080320
225,020150,롯데에너지머티리얼즈보통주,,1675694824219,29450,151321,4456403450
226,006040,동원산업보통주,,1675076640129,37750,47980,1811245000
227,089860,롯데렌탈보통주,,1666600872803,45900,105427,4839099300
228,089970,브이엠,,1650688169289,58100,426797,24796905700
229,060370,엘에스마린솔루션,,1646387859917,30950,71419,2210418050
230,011210,현대위아보통주,,1630890304184,59400,75081,4459811400
231,004990,롯데지주보통주,,1623538957477,22800,105972,2416161600
232,323280,태성,,1621566792870,48450,249452,12085949400
233,023590,다우기술보통주,,1619552113152,38900,38926,1514221400
234,008770,호텔신라보통주,,1601007222736,42300,204487,8649800100
235,097230,HJ중공업보통주,,1592705118713,16940,253898,4301032120
236,131970,두산테스나,,1579483560944,76900,234331,18020053900
237,322000,에이치디현대에너지솔루션보통주,,1557919973469,125400,419198,52567429200
238,475830,오름테라퓨틱,,1557294548035,62000,140313,8699406000
239,007810,코리아써키트보통주,,1542904892673,54600,440944,24075542400
240,420770,기가비스,,1541372100830,105300,165767,17455265100
241,030530,원익홀딩스,,1535298518372,19250,306235,5895023750
242,082920,비츠로셀,,1532157569885,30500,451519,13771329500
243,007390,네이처셀,,1507780192566,23750,349400,8298250000
244,039200,오스코텍,,1486330094719,36700,125180,4594106000
245,003540,대신증권보통주,,1477292122459,25900,50104,1297693600
246,001430,세아베스틸지주보통주,,1473933197021,39350,100825,3967463750
247,001800,오리온홀딩스보통주,,1470530965805,25500,52922,1349511000
248,000120,씨제이대한통운보통주,,1465946682930,73400,27623,2027528200
249,241710,코스메카코리아,,1465296041870,137300,179557,24653176100
250,096530,씨젠,,1441011905670,30500,187906,5731133000
251,290650,엘앤씨바이오,,1437485205841,51000,141348,7208748000
252,006280,녹십자보통주,,1431212457275,122100,29371,3586199100
253,043260,성호전자,,1424610978699,18120,555608,10067616960
254,020560,아시아나항공 보통주,,1422548275604,6990,67921,474767790
255,229640,LS에코에너지보통주,,1392035723877,42650,52477,2238144050
256,069620,대웅제약보통주,,1391107977104,119500,15747,1881766500
257,294870,HDC현대산업개발보통주,,1386367438316,21600,124780,2695248000
258,298020,효성티앤씨보통주,,1383178658009,312000,17726,5530512000
259,001740,SK네트웍스보통주,,1371392613068,6810,1164169,7927990890
260,127120,제이에스링크,,1364674860001,34000,209336,7117424000
261,001120,LX인터내셔널보통주,,1363183528900,37900,73775,2796072500
262,281820,케이씨텍보통주,,1342025224686,63800,139960,8929448000
263,005070,코스모신소재보통주,,1336413190842,37500,70929,2659837500
264,093370,후성 보통주,,1333182555695,11940,2718749,32461863060
265,035900,제이와이피엔터테인먼트,,1328635724258,38800,381601,14806118800
266,078600,대주전자재료,,1327878960514,82900,127335,10556071500
267,347700,스피어,,1274971844673,23450,649556,15232088200
268,218410,알에프에이치아이씨,,1273756340790,47150,224069,10564853350
269,415640,케이비발해인프라투융자회사보통주,,1259768228149,10300,76981,792904300
270,001720,신영증권보통주,,1252108032990,158800,4965,788442000
271,007310,오뚜기보통주,,1208758683562,323000,2875,928625000
272,195940,에이치케이이노엔,,1204020376205,41000,149386,6124826000
273,361610,SK아이이테크놀로지보통주,,1190820201416,13950,112347,1567240650
274,017960,한국카본보통주,,1175684048843,22550,205867,4642300850
275,030610,교보증권보통주,,1168197895432,10030,42829,429574870
276,006340,대원전선보통주,,1165914181902,13250,2922663,38725284750
277,437730,삼현,,1142238218307,33150,118923,3942297450
278,330590,롯데리츠보통주,,1139982200317,3920,107321,420698320
279,004000,롯데정밀화학보통주,,1129594469547,44150,36008,1589753200
280,280360,롯데웰푸드보통주,,1118882080078,128300,29031,3724677300
281,300720,한일시멘트보통주,,1115680862885,15520,85593,1328403360
282,192080,더블유게임즈보통주,,1102709113312,59400,81180,4822092000
283,204270,제이앤티씨,,1091855273018,19000,281528,5349032000
284,166090,하나머티리얼즈,,1076351399231,53400,108255,5780817000
285,000210,DL보통주,,1064219033444,46700,46187,2156932900
286,012630,HDC보통주,,1054386157608,21150,24109,509905350
287,000080,하이트진로보통주,,1049009459085,15240,69302,1056162480
288,003380,하림지주,,1041667206345,10580,423369,4479244020
289,003530,한화투자증권보통주,,1036932952280,4870,6991587,34049028690
290,032350,롯데관광개발 보통주,,1031647502441,12750,319211,4069940250
291,476830,알지노믹스,,1026924133682,30150,778400,23468760000
292,451800,한화리츠보통주,,1018332034607,5480,84854,464999920
293,077970,STX엔진보통주,,1007483057785,23450,189724,4449027800
294,001820,삼화콘덴서공업보통주,,1001473568726,90600,313545,28407177000
295,036540,에스에프에이반도체,,993627877808,5560,1331379,7402467240
296,115180,큐리언트,,977057647324,24800,161311,4000512800
297,195870,해성디에스보통주,,952000000000,52100,100560,5239176000
298,293490,카카오게임즈,,949844586411,8510,410284,3491516840
299,005300,롯데칠성음료보통주,,945313301742,96600,18433,1780627800
300,009450,경동나비엔보통주,,937995248127,63300,39679,2511680700
